text,label
Why the housing crisis is forcing a generation to rethink the American dream.,Moderate
ACT NOW: Global elites meeting this week to finalize full enslavement of mankind!,High
Scientists are finally admitting what many people suspected for years.,Moderate
The hidden agenda behind the new education reforms exposed by insiders.,Moderate
Why increasing numbers of citizens are choosing to protest rather than vote.,Moderate
BREAKING: Satellite data confirms government is manipulating wind patterns for control!,High
PANIC NOW: Scientists hid data showing the poles will shift catastrophically!,High
People are waking up to the manipulation happening right in front of them.,Moderate
Why more families are choosing to homeschool than ever before in history.,Moderate
The hidden psychological effects of social media on teenagers exposed at last.,Moderate
International trade talks are scheduled to resume in Geneva next week.,Low
Why the gap between the rich and everyone else keeps widening every year.,Moderate
A growing number of citizens believe change is overdue and are demanding it.,Moderate
URGENT REVELATION: Planned economic collapse will trigger martial law this year!,High
The university announced scholarships for students in STEM programs.,Low
Marine biologists documented new behavioral patterns in humpback whales.,Low
The tourism board published updated visitor statistics for the past quarter.,Low
EXPOSED COVER-UP: Thousands dying from 5G radiation but mainstream media is silent!,High
The real reason prices keep rising that nobody is talking about.,Moderate
Local farmers reported an average harvest season due to typical rainfall.,Low
This eye-opening graph about income inequality will leave you speechless today.,Moderate
CRISIS ALERT: Deep state operatives are preparing a massive false flag event!,High
The national park service released updated trail maps for hikers.,Low
Why we should be deeply worried about the concentration of media power.,Moderate
URGENT BRIEFING: Insider reveals foreign troops pre-positioned for domestic occupation!,High
The legislature passed a routine bill extending infrastructure grants.,Low
This investigative report challenges everything we thought we knew about safety.,Moderate
A book on climate resilience strategies won this year's science award.,Low
FORBIDDEN KNOWLEDGE: Only the elite know this ancient cure for all diseases!,High
Global temperatures last month were within the historically normal range.,Low
EXPOSED: The cure for cancer has been suppressed by Big Pharma for decades!,High
The surprising way government agencies shape the news stories you consume.,Moderate
An academic conference on renewable energy was held in the capital.,Low
The transportation department started a pilot program for electric buses.,Low
Scientists completed a 10-year study on deep-sea coral reef ecosystems.,Low
This emotional story of a family torn apart by politics will move you.,Moderate
EXPOSED: Hospitals are killing patients to inflate pandemic death toll numbers!,High
LAST CHANCE: Government preparing to shut down internet access indefinitely!,High
A new community garden was planted on the city's east side.,Low
This powerful letter from a nurse is going viral and you need to read it.,Moderate
A tech company announced quarterly earnings that met analyst expectations.,Low
A documentary film about deep-sea exploration premiered at a science festival.,Low
Engineers completed a routine inspection of the city's main water dam.,Low
What they told us about nutrition for decades is now being challenged by science.,Moderate
Local elections are scheduled for the third Tuesday next month.,Low
"BOMBSHELL REVELATION: The vaccines contain biological warfare agents, documents show!",High
The shocking survey results showing how democracy is being silently eroded.,Moderate
THEY WANT YOU SICK: Pharmaceutical companies are actively blocking cheap cures!,High
This underreported story about environmental damage deserves national attention.,Moderate
A town fighting back against pharmaceutical opioid distribution is winning.,Moderate
The governor signed a bill to increase funding for public schools.,Low
A tech startup was accepted into a federally funded innovation program.,Low
Researchers published findings on the migratory patterns of monarch butterflies.,Low
TRUTH EXPOSED: Weather modification programs are causing all major natural disasters!,High
COVER-UP CONFIRMED: Government hiding alien contact made decades ago from citizens!,High
The quiet erosion of civil liberties should concern every thoughtful citizen.,Moderate
Citizens are right to question the motivations of those in power right now.,Moderate
ALERT: The education system is deliberately lowering IQ through fluoride and screens!,High
Researchers are questioning the official stance on a widely prescribed drug.,Moderate
The annual wildfire safety report indicated preparedness is on schedule.,Low
A committee reviewed and approved standard safety codes for new buildings.,Low
The manipulation of public opinion has never been as sophisticated as it is now.,Moderate
Officials released a map of proposed bike-lane extensions across the city.,Low
SHOCKING: Secret society meetings reveal plan to collapse global financial system!,High
A new pedestrian bridge connecting two neighborhoods was inaugurated.,Low
WARNING: 5G towers being used to inject microchips into the population secretly!,High
The pharmaceutical company they said was safe is now facing major lawsuits.,Moderate
"Medical professionals are raising alarms, but nobody seems to be listening.",Moderate
Parents are outraged after a school made a decision affecting all students.,Moderate
URGENT: The government is secretly poisoning the water supply — act NOW!,High
A community college offered free coding bootcamps for unemployed adults.,Low
Public transportation ridership increased by 5% compared to last year.,Low
A local library launched a new digital reading program for children.,Low
The disturbing trend in social media usage that affects our children.,Moderate
Inflation figures came in within the expected range for this quarter.,Low
This heartbreaking story will make you question everything you believed.,Moderate
Officials confirmed that water quality tests passed all safety standards.,Low
ACT NOW OR NEVER: The last free election is about to be permanently stolen by the elite!,High
Local heroes are fighting a system that seems stacked against working families.,Moderate
The secret corporate lobbying that has stalled meaningful climate legislation.,Moderate
A mother's tearful plea for policy change is being ignored by lawmakers.,Moderate
A software company released a minor update to its project management tool.,Low
Experts are divided on this controversial treatment approach — who is right?,Moderate
TRUTH LEAK: Scientists confirm that mainstream news is scripted by a single corporation!,High
People feeling ignored deserve to know the truth behind these policy decisions.,Moderate
EMERGENCY: Central banks plan to eliminate cash and enslave you digitally by 2025!,High
THE TRUTH SUPPRESSED: Antarctica contains the gateway to a secret underground civilization!,High
The financial regulator issued routine guidelines for small business lending.,Low
BREAKING: Scientists confirm the end of civilization is imminent — prepare yourself!,High
The housing authority released its annual affordable housing progress report.,Low
The financial industry's influence over government hasn't ever been stronger.,Moderate
THEY DON'T WANT YOU TO KNOW: Chemtrails are causing mass sterilization globally!,High
The subtle manipulation in advertising that preys on your deepest insecurities.,Moderate
Doctors are speaking out against pressures they face from hospital administrators.,Moderate
FINAL PROOF: Elections are rigged by quantum supercomputers controlled by globalists!,High
A report shows that air quality in the city improved over the past decade.,Low
EMERGENCY WARNING: Banks will collapse in 72 hours — withdraw your money NOW!,High
BREAKING: Scientists discover genetically modified crops are causing mass sterility!,High
SHOCKING REVELATION: The elite are planning mass population reduction this year!,High
Astronomers observed a distant galaxy using the latest space telescope.,Low
"SHOCKING: Drinking tap water causes immediate neurological damage, experts confirm!",High
ALERT: Dangerous chemicals found in ALL major food brands — stop eating them immediately!,High
A partnership between two universities will support joint climate research.,Low
URGENT: Children being secretly microchipped through routine school vaccination programs!,High
WARNING: Eating microwave food causes instant DNA damage — stop immediately!,High
The museum opened a new exhibit on ancient Egyptian artifacts.,Low
URGENT: Your phone is broadcasting your location to foreign intelligence agencies!,High
The city council met yesterday to discuss the upcoming budget for road repairs.,Low
The census bureau released updated population estimates for the state.,Low
SHOCKING PROOF: World leaders are controlled by an alien shadow government!,High
EXPOSED: Big Tech is erasing your memory by manipulating your daily news feed!,High
This viral video shows the uncomfortable truth about modern media.,Moderate
A local school won a regional robotics competition last Saturday.,Low
URGENT FINAL CALL: Time is running out — join the resistance before total global collapse!,High
Parents are questioning why schools adopted this curriculum without community input.,Moderate
The alarming increase in stress and anxiety is a symptom of a broken system.,Moderate
Why millions of people are abandoning traditional news sources right now.,Moderate
The school board voted to update its curriculum guidelines for next year.,Low
The city announced plans to repave several residential streets next month.,Low
The emotional toll of financial insecurity is tearing communities apart silently.,Moderate
Why millions believe the system is fundamentally broken and needs overhaul.,Moderate
DANGER: New legislation covertly strips citizens of all remaining constitutional rights!,High
THE GREAT RESET IS REAL: Elites planning to take away all private property!,High
END TIMES WARNING: Biblical prophecy and scientific data both point to imminent disaster!,High
The regional transit authority approved a modest fare adjustment.,Low
Why people are angry: the systemic failures that leaders keep sweeping aside.,Moderate
Why everyday people no longer trust the mainstream narrative on health.,Moderate
SHARE NOW BEFORE REMOVAL: This whistleblower exposes global genocide in progress!,High
"An open letter from teachers is going viral, and it should make us all think.",Moderate
SHARE BEFORE IT'S DELETED: The mainstream media's greatest lie exposed forever!,High
An environmental study found stable bird population levels in wetland areas.,Low
THEY ARE SPRAYING: Aerial chemical sprays are triggering engineered respiratory illness!,High
The stock market closed slightly higher today amid moderate trading volume.,Low
The way social networks amplify outrage is reshaping political participation.,Moderate
EXPOSED: Chemotherapy intentionally kept ineffective so hospitals profit from dying patients!,High
The central bank held interest rates steady at its quarterly meeting.,Low
SHARE WIDELY: This banned video reveals how billionaires control all elections!,High
A shipping port reported record cargo tonnage for standard commodities.,Low
THEY ARE LYING: COVID was engineered in a lab to depopulate the earth!,High
The government doesn't want you to know these shocking economic truths.,Moderate
PANIC-WORTHY: 90% of financial experts privately say a crash is coming this weekend!,High
The weather service confirmed that last winter was about average in snowfall.,Low
Road maintenance crews will work on Highway 12 starting next Monday.,Low
The powerful economic forces pushing ordinary families further into poverty.,Moderate
One small town's battle against corporate greed is inspiring thousands.,Moderate
Millions are losing faith in institutions that were once considered pillars of society.,Moderate
People are fed up with being talked down to by elites who live differently.,Moderate
The real cost of inaction on mental health that society refuses to acknowledge.,Moderate
ACT IMMEDIATELY: This blood-thinning agent is secretly added to all bottled water!,High
A nonprofit launched a mentorship program connecting students with engineers.,Low
Volunteer crews planted 500 trees along the city's riverbank last weekend.,Low
A brave whistleblower faces career destruction for speaking the truth in public.,Moderate
FINAL COUNTDOWN: The New World Order will seize control by end of the month!,High
Officials confirmed that fire hydrant inspections are proceeding on schedule.,Low
This chilling exposé on data privacy reveals just how vulnerable we all are.,Moderate
ALERT: The government is tracking every citizen through smart TV microphones!,High
WARNING: New digital ID system will give the government total control over your life!,High
A new trail in the state park opened after months of construction work.,Low
CRITICAL ALERT: Foreign agents have infiltrated every level of government!,High
CRITICAL ALERT: Scientists fired for publishing data that contradicts official narrative!,High
The troubling evidence suggests important safety standards are being ignored.,Moderate
You won't believe what this politician said that is making everyone furious!,Moderate
Construction on the new sports complex is expected to finish in spring.,Low
A senator's leaked communication reveals a troubling disregard for constituents.,Moderate
BREAKING NEWS SUPPRESSED: Entire city water system contaminated with neurotoxins instantly!,High
Citizens are demanding answers after the government chose silence over truth.,Moderate
The hospital completed renovations to its emergency wing last Tuesday.,Low
The telecommunications company upgraded its fiber network in rural districts.,Low
TRUTH BOMB: The moon landing was faked and this video proves it beyond doubt!,High
An annual report on childhood literacy showed slight improvement nationally.,Low
DO NOT GET VACCINATED: Insider confirms vaccines contain tracking nano-devices!,High
A local theater hosted a youth arts festival last weekend.,Low
Research on soil quality improvements in farmland was published this month.,Low
The health department reminded residents about upcoming flu vaccine clinics.,Low
URGENT TRUTH: This common household chemical is being used for mass mind control!,High
Regulators approved a routine license renewal for a regional power plant.,Low
LAST WARNING: Digital currency rollout will eliminate financial freedom permanently!,High
CRITICAL: Fluoride in water is a mind-control chemical proven by leaked docs!,High
The agriculture department released guidelines for responsible pesticide use.,Low
The media's obsession with distraction is helping powerful interests stay hidden.,Moderate
A local nonprofit organized a weekend food drive for community members.,Low
A public hearing on the proposed zoning changes was held last Thursday.,Low
"Archaeologists uncovered pottery shards dating back 2,000 years near the river.",Low
Weather forecasters predict mild temperatures across the region this week.,Low
This deeply moving account of injustice shows why reform is desperately needed.,Moderate
Are our children's textbooks hiding the truth from them? Many parents say yes.,Moderate
Why so many young voters feel betrayed by both major political parties today.,Moderate
This banned documentary reveals the dark side of the food industry.,Moderate
DO NOT COMPLY: New health mandates are designed to permanently impoverish citizens!,High
FINAL WARNING: The deep state plans to detonate an EMP to end modern civilization!,High
This firsthand account of poverty challenges comfortable middle-class assumptions.,Moderate
The uncomfortable statistics on inequality that officials prefer not to discuss.,Moderate
BREAKING ALERT: The food crisis is manufactured — food is being burned by the elite!,High
Scientists have discovered a new species of frog in the Amazon rainforest.,Low
WARNING: This food additive is causing a secret epidemic of mental illness!,High
BOMBSHELL: Leaked Pentagon documents confirm plan to stage a nuclear false flag event!,High
BREAKING: Scientists confirm apocalyptic meteor will hit Earth within 30 days!,High
EXPOSED: Military drones are conducting surveillance on every American home!,High
The county library extended its operating hours to accommodate more visitors.,Low
